collapsed_name	original_name	isodecoder	amino_acid	anticodon	family_num	copy_num	is_representative	sequence_length
tRNA-Ala-GGC-1-1	Escherichia_coli_str_K-12_substr_MG1655_tRNA-Ala-GGC-1-1	tRNA-Ala-GGC	Ala	GGC	1	1	True	76
tRNA-Ala-GGC-1-1	Escherichia_coli_str_K-12_substr_MG1655_tRNA-Ala-GGC-1-2	tRNA-Ala-GGC	Ala	GGC	1	2	False	76
tRNA-Ala-TGC-1-1	Escherichia_coli_str_K-12_substr_MG1655_tRNA-Ala-TGC-1-1	tRNA-Ala-TGC	Ala	TGC	1	1	True	76
tRNA-Ala-TGC-1-1	Escherichia_coli_str_K-12_substr_MG1655_tRNA-Ala-TGC-1-2	tRNA-Ala-TGC	Ala	TGC	1	2	False	76
tRNA-Ala-TGC-1-1	Escherichia_coli_str_K-12_substr_MG1655_tRNA-Ala-TGC-1-3	tRNA-Ala-TGC	Ala	TGC	1	3	False	76
tRNA-Arg-ACG-1-1	Escherichia_coli_str_K-12_substr_MG1655_tRNA-Arg-ACG-1-1	tRNA-Arg-ACG	Arg	ACG	1	1	True	77
tRNA-Arg-ACG-1-1	Escherichia_coli_str_K-12_substr_MG1655_tRNA-Arg-ACG-1-2	tRNA-Arg-ACG	Arg	ACG	1	2	False	77
tRNA-Arg-ACG-1-1	Escherichia_coli_str_K-12_substr_MG1655_tRNA-Arg-ACG-1-3	tRNA-Arg-ACG	Arg	ACG	1	3	False	77
tRNA-Arg-ACG-1-1	Escherichia_coli_str_K-12_substr_MG1655_tRNA-Arg-ACG-1-4	tRNA-Arg-ACG	Arg	ACG	1	4	False	77
tRNA-Arg-CCG-1-1	Escherichia_coli_str_K-12_substr_MG1655_tRNA-Arg-CCG-1-1	tRNA-Arg-CCG	Arg	CCG	1	1	True	77
tRNA-Arg-CCT-1-1	Escherichia_coli_str_K-12_substr_MG1655_tRNA-Arg-CCT-1-1	tRNA-Arg-CCT	Arg	CCT	1	1	True	75
tRNA-Arg-TCT-1-1	Escherichia_coli_str_K-12_substr_MG1655_tRNA-Arg-TCT-1-1	tRNA-Arg-TCT	Arg	TCT	1	1	True	77
tRNA-Asn-GTT-1-1	Escherichia_coli_str_K-12_substr_MG1655_tRNA-Asn-GTT-1-1	tRNA-Asn-GTT	Asn	GTT	1	1	True	76
tRNA-Asn-GTT-1-1	Escherichia_coli_str_K-12_substr_MG1655_tRNA-Asn-GTT-1-2	tRNA-Asn-GTT	Asn	GTT	1	2	False	76
tRNA-Asn-GTT-1-1	Escherichia_coli_str_K-12_substr_MG1655_tRNA-Asn-GTT-1-3	tRNA-Asn-GTT	Asn	GTT	1	3	False	76
tRNA-Asn-GTT-1-1	Escherichia_coli_str_K-12_substr_MG1655_tRNA-Asn-GTT-1-4	tRNA-Asn-GTT	Asn	GTT	1	4	False	76
tRNA-Asp-GTC-1-1	Escherichia_coli_str_K-12_substr_MG1655_tRNA-Asp-GTC-1-1	tRNA-Asp-GTC	Asp	GTC	1	1	True	77
tRNA-Asp-GTC-1-1	Escherichia_coli_str_K-12_substr_MG1655_tRNA-Asp-GTC-1-2	tRNA-Asp-GTC	Asp	GTC	1	2	False	77
tRNA-Asp-GTC-1-1	Escherichia_coli_str_K-12_substr_MG1655_tRNA-Asp-GTC-1-3	tRNA-Asp-GTC	Asp	GTC	1	3	False	77
tRNA-Cys-GCA-1-1	Escherichia_coli_str_K-12_substr_MG1655_tRNA-Cys-GCA-1-1	tRNA-Cys-GCA	Cys	GCA	1	1	True	74
tRNA-Gln-CTG-1-1	Escherichia_coli_str_K-12_substr_MG1655_tRNA-Gln-CTG-1-1	tRNA-Gln-CTG	Gln	CTG	1	1	True	75
tRNA-Gln-CTG-1-1	Escherichia_coli_str_K-12_substr_MG1655_tRNA-Gln-CTG-1-2	tRNA-Gln-CTG	Gln	CTG	1	2	False	75
tRNA-Gln-TTG-1-1	Escherichia_coli_str_K-12_substr_MG1655_tRNA-Gln-TTG-1-1	tRNA-Gln-TTG	Gln	TTG	1	1	True	75
tRNA-Gln-TTG-1-1	Escherichia_coli_str_K-12_substr_MG1655_tRNA-Gln-TTG-1-2	tRNA-Gln-TTG	Gln	TTG	1	2	False	75
tRNA-Glu-TTC-1-1	Escherichia_coli_str_K-12_substr_MG1655_tRNA-Glu-TTC-1-1	tRNA-Glu-TTC	Glu	TTC	1	1	True	76
tRNA-Glu-TTC-1-1	Escherichia_coli_str_K-12_substr_MG1655_tRNA-Glu-TTC-1-2	tRNA-Glu-TTC	Glu	TTC	1	2	False	76
tRNA-Glu-TTC-1-1	Escherichia_coli_str_K-12_substr_MG1655_tRNA-Glu-TTC-1-3	tRNA-Glu-TTC	Glu	TTC	1	3	False	76
tRNA-Glu-TTC-1-1	Escherichia_coli_str_K-12_substr_MG1655_tRNA-Glu-TTC-1-4	tRNA-Glu-TTC	Glu	TTC	1	4	False	76
tRNA-Gly-CCC-1-1	Escherichia_coli_str_K-12_substr_MG1655_tRNA-Gly-CCC-1-1	tRNA-Gly-CCC	Gly	CCC	1	1	True	74
tRNA-Gly-GCC-1-1	Escherichia_coli_str_K-12_substr_MG1655_tRNA-Gly-GCC-1-1	tRNA-Gly-GCC	Gly	GCC	1	1	True	76
tRNA-Gly-GCC-1-1	Escherichia_coli_str_K-12_substr_MG1655_tRNA-Gly-GCC-1-2	tRNA-Gly-GCC	Gly	GCC	1	2	False	76
tRNA-Gly-GCC-1-1	Escherichia_coli_str_K-12_substr_MG1655_tRNA-Gly-GCC-1-3	tRNA-Gly-GCC	Gly	GCC	1	3	False	76
tRNA-Gly-GCC-1-1	Escherichia_coli_str_K-12_substr_MG1655_tRNA-Gly-GCC-1-4	tRNA-Gly-GCC	Gly	GCC	1	4	False	76
tRNA-Gly-TCC-1-1	Escherichia_coli_str_K-12_substr_MG1655_tRNA-Gly-TCC-1-1	tRNA-Gly-TCC	Gly	TCC	1	1	True	75
tRNA-His-GTG-1-1	Escherichia_coli_str_K-12_substr_MG1655_tRNA-His-GTG-1-1	tRNA-His-GTG	His	GTG	1	1	True	76
tRNA-Ile-GAT-1-1	Escherichia_coli_str_K-12_substr_MG1655_tRNA-Ile-GAT-1-1	tRNA-Ile-GAT	Ile	GAT	1	1	True	77
tRNA-Ile-GAT-1-1	Escherichia_coli_str_K-12_substr_MG1655_tRNA-Ile-GAT-1-2	tRNA-Ile-GAT	Ile	GAT	1	2	False	77
tRNA-Ile-GAT-1-1	Escherichia_coli_str_K-12_substr_MG1655_tRNA-Ile-GAT-1-3	tRNA-Ile-GAT	Ile	GAT	1	3	False	77
tRNA-Ile2-CAT-1-1	Escherichia_coli_str_K-12_substr_MG1655_tRNA-Ile2-CAT-1-1	tRNA-Ile2-CAT	Ile2	CAT	1	1	True	76
tRNA-Ile2-CAT-2-1	Escherichia_coli_str_K-12_substr_MG1655_tRNA-Ile2-CAT-2-1	tRNA-Ile2-CAT	Ile2	CAT	2	1	True	76
tRNA-Leu-CAA-1-1	Escherichia_coli_str_K-12_substr_MG1655_tRNA-Leu-CAA-1-1	tRNA-Leu-CAA	Leu	CAA	1	1	True	85
tRNA-Leu-CAG-1-1	Escherichia_coli_str_K-12_substr_MG1655_tRNA-Leu-CAG-1-1	tRNA-Leu-CAG	Leu	CAG	1	1	True	87
tRNA-Leu-CAG-1-1	Escherichia_coli_str_K-12_substr_MG1655_tRNA-Leu-CAG-1-2	tRNA-Leu-CAG	Leu	CAG	1	2	False	87
tRNA-Leu-CAG-1-1	Escherichia_coli_str_K-12_substr_MG1655_tRNA-Leu-CAG-1-3	tRNA-Leu-CAG	Leu	CAG	1	3	False	87
tRNA-Leu-CAG-2-1	Escherichia_coli_str_K-12_substr_MG1655_tRNA-Leu-CAG-2-1	tRNA-Leu-CAG	Leu	CAG	2	1	True	87
tRNA-Leu-GAG-1-1	Escherichia_coli_str_K-12_substr_MG1655_tRNA-Leu-GAG-1-1	tRNA-Leu-GAG	Leu	GAG	1	1	True	87
tRNA-Leu-TAA-1-1	Escherichia_coli_str_K-12_substr_MG1655_tRNA-Leu-TAA-1-1	tRNA-Leu-TAA	Leu	TAA	1	1	True	87
tRNA-Leu-TAG-1-1	Escherichia_coli_str_K-12_substr_MG1655_tRNA-Leu-TAG-1-1	tRNA-Leu-TAG	Leu	TAG	1	1	True	85
tRNA-Lys-TTT-1-1	Escherichia_coli_str_K-12_substr_MG1655_tRNA-Lys-TTT-1-1	tRNA-Lys-TTT	Lys	TTT	1	1	True	76
tRNA-Lys-TTT-1-1	Escherichia_coli_str_K-12_substr_MG1655_tRNA-Lys-TTT-1-2	tRNA-Lys-TTT	Lys	TTT	1	2	False	76
tRNA-Lys-TTT-1-1	Escherichia_coli_str_K-12_substr_MG1655_tRNA-Lys-TTT-1-3	tRNA-Lys-TTT	Lys	TTT	1	3	False	76
tRNA-Lys-TTT-1-1	Escherichia_coli_str_K-12_substr_MG1655_tRNA-Lys-TTT-1-4	tRNA-Lys-TTT	Lys	TTT	1	4	False	76
tRNA-Lys-TTT-1-1	Escherichia_coli_str_K-12_substr_MG1655_tRNA-Lys-TTT-1-5	tRNA-Lys-TTT	Lys	TTT	1	5	False	76
tRNA-Lys-TTT-1-1	Escherichia_coli_str_K-12_substr_MG1655_tRNA-Lys-TTT-1-6	tRNA-Lys-TTT	Lys	TTT	1	6	False	76
tRNA-Met-CAT-1-1	Escherichia_coli_str_K-12_substr_MG1655_tRNA-Met-CAT-1-1	tRNA-Met-CAT	Met	CAT	1	1	True	77
tRNA-Met-CAT-1-1	Escherichia_coli_str_K-12_substr_MG1655_tRNA-Met-CAT-1-2	tRNA-Met-CAT	Met	CAT	1	2	False	77
tRNA-Phe-GAA-1-1	Escherichia_coli_str_K-12_substr_MG1655_tRNA-Phe-GAA-1-1	tRNA-Phe-GAA	Phe	GAA	1	1	True	76
tRNA-Phe-GAA-1-1	Escherichia_coli_str_K-12_substr_MG1655_tRNA-Phe-GAA-1-2	tRNA-Phe-GAA	Phe	GAA	1	2	False	76
tRNA-Pro-CGG-1-1	Escherichia_coli_str_K-12_substr_MG1655_tRNA-Pro-CGG-1-1	tRNA-Pro-CGG	Pro	CGG	1	1	True	77
tRNA-Pro-GGG-1-1	Escherichia_coli_str_K-12_substr_MG1655_tRNA-Pro-GGG-1-1	tRNA-Pro-GGG	Pro	GGG	1	1	True	77
tRNA-Pro-TGG-1-1	Escherichia_coli_str_K-12_substr_MG1655_tRNA-Pro-TGG-1-1	tRNA-Pro-TGG	Pro	TGG	1	1	True	77
tRNA-SeC-TCA-1-1	Escherichia_coli_str_K-12_substr_MG1655_tRNA-SeC-TCA-1-1	tRNA-SeC-TCA	SeC	TCA	1	1	True	95
tRNA-Ser-CGA-1-1	Escherichia_coli_str_K-12_substr_MG1655_tRNA-Ser-CGA-1-1	tRNA-Ser-CGA	Ser	CGA	1	1	True	90
tRNA-Ser-GCT-1-1	Escherichia_coli_str_K-12_substr_MG1655_tRNA-Ser-GCT-1-1	tRNA-Ser-GCT	Ser	GCT	1	1	True	93
tRNA-Ser-GGA-1-1	Escherichia_coli_str_K-12_substr_MG1655_tRNA-Ser-GGA-1-1	tRNA-Ser-GGA	Ser	GGA	1	1	True	88
tRNA-Ser-GGA-1-1	Escherichia_coli_str_K-12_substr_MG1655_tRNA-Ser-GGA-1-2	tRNA-Ser-GGA	Ser	GGA	1	2	False	88
tRNA-Ser-TGA-1-1	Escherichia_coli_str_K-12_substr_MG1655_tRNA-Ser-TGA-1-1	tRNA-Ser-TGA	Ser	TGA	1	1	True	88
tRNA-Thr-CGT-1-1	Escherichia_coli_str_K-12_substr_MG1655_tRNA-Thr-CGT-1-1	tRNA-Thr-CGT	Thr	CGT	1	1	True	76
tRNA-Thr-CGT-2-1	Escherichia_coli_str_K-12_substr_MG1655_tRNA-Thr-CGT-2-1	tRNA-Thr-CGT	Thr	CGT	2	1	True	71
tRNA-Thr-GGT-1-1	Escherichia_coli_str_K-12_substr_MG1655_tRNA-Thr-GGT-1-1	tRNA-Thr-GGT	Thr	GGT	1	1	True	76
tRNA-Thr-GGT-2-1	Escherichia_coli_str_K-12_substr_MG1655_tRNA-Thr-GGT-2-1	tRNA-Thr-GGT	Thr	GGT	2	1	True	76
tRNA-Thr-TGT-1-1	Escherichia_coli_str_K-12_substr_MG1655_tRNA-Thr-TGT-1-1	tRNA-Thr-TGT	Thr	TGT	1	1	True	76
tRNA-Trp-CCA-1-1	Escherichia_coli_str_K-12_substr_MG1655_tRNA-Trp-CCA-1-1	tRNA-Trp-CCA	Trp	CCA	1	1	True	76
tRNA-Tyr-GTA-1-1	Escherichia_coli_str_K-12_substr_MG1655_tRNA-Tyr-GTA-1-1	tRNA-Tyr-GTA	Tyr	GTA	1	1	True	85
tRNA-Tyr-GTA-2-1	Escherichia_coli_str_K-12_substr_MG1655_tRNA-Tyr-GTA-2-1	tRNA-Tyr-GTA	Tyr	GTA	2	1	True	85
tRNA-Tyr-GTA-2-1	Escherichia_coli_str_K-12_substr_MG1655_tRNA-Tyr-GTA-2-2	tRNA-Tyr-GTA	Tyr	GTA	2	2	False	85
tRNA-Und-NNN-1-1	Escherichia_coli_str_K-12_substr_MG1655_tRNA-Und-NNN-1-1	tRNA-Und-NNN	Und	NNN	1	1	True	95
tRNA-Und-NNN-2-1	Escherichia_coli_str_K-12_substr_MG1655_tRNA-Und-NNN-2-1	tRNA-Und-NNN	Und	NNN	2	1	True	97
tRNA-Val-GAC-1-1	Escherichia_coli_str_K-12_substr_MG1655_tRNA-Val-GAC-1-1	tRNA-Val-GAC	Val	GAC	1	1	True	77
tRNA-Val-GAC-2-1	Escherichia_coli_str_K-12_substr_MG1655_tRNA-Val-GAC-2-1	tRNA-Val-GAC	Val	GAC	2	1	True	77
tRNA-Val-TAC-1-1	Escherichia_coli_str_K-12_substr_MG1655_tRNA-Val-TAC-1-1	tRNA-Val-TAC	Val	TAC	1	1	True	76
tRNA-Val-TAC-1-1	Escherichia_coli_str_K-12_substr_MG1655_tRNA-Val-TAC-1-2	tRNA-Val-TAC	Val	TAC	1	2	False	76
tRNA-Val-TAC-1-1	Escherichia_coli_str_K-12_substr_MG1655_tRNA-Val-TAC-1-3	tRNA-Val-TAC	Val	TAC	1	3	False	76
tRNA-Val-TAC-1-1	Escherichia_coli_str_K-12_substr_MG1655_tRNA-Val-TAC-1-4	tRNA-Val-TAC	Val	TAC	1	4	False	76
tRNA-Val-TAC-1-1	Escherichia_coli_str_K-12_substr_MG1655_tRNA-Val-TAC-1-5	tRNA-Val-TAC	Val	TAC	1	5	False	76
tRNA-fMet-CAT-1-1	Escherichia_coli_str_K-12_substr_MG1655_tRNA-fMet-CAT-1-1	tRNA-fMet-CAT	fMet	CAT	1	1	True	77
tRNA-fMet-CAT-1-1	Escherichia_coli_str_K-12_substr_MG1655_tRNA-fMet-CAT-1-2	tRNA-fMet-CAT	fMet	CAT	1	2	False	77
tRNA-fMet-CAT-1-1	Escherichia_coli_str_K-12_substr_MG1655_tRNA-fMet-CAT-1-3	tRNA-fMet-CAT	fMet	CAT	1	3	False	77
tRNA-fMet-CAT-2-1	Escherichia_coli_str_K-12_substr_MG1655_tRNA-fMet-CAT-2-1	tRNA-fMet-CAT	fMet	CAT	2	1	True	77
