ala_synthetic	/beevol/home/whitel/data/AAtRNAseq/synthetic_tRNA/RNA004/raw/ala_synthetic/20240208_1650_P2S-01618-A_PAU73551_03200e15
arg_synthetic	/beevol/home/whitel/data/AAtRNAseq/synthetic_tRNA/RNA004/raw/arg_synthetic/20240119_1408_P2S-01617-A_PAS67224_0dd95ae4
asn_synthetic	/beevol/home/whitel/data/AAtRNAseq/synthetic_tRNA/RNA004/raw/asn_synthetic/20240208_1313_P2S-01617-A_PAU71318_b8db1a09
asp_synthetic	/beevol/home/whitel/data/AAtRNAseq/synthetic_tRNA/RNA004/raw/asp_synthetic/20240207_2013_P2I-00030-B_PAS25444_0ef35a6c
cys_synthetic	/beevol/home/whitel/data/AAtRNAseq/synthetic_tRNA/RNA004/raw/cys_synthetic/20240207_1318_P2S-01618-A_PAU71434_9df2edde
cys_synthetic_run2	/beevol/home/whitel/data/AAtRNAseq/synthetic_tRNA/RNA004/raw/cys_synthetic/20240208_1936_P2I-00030-A_PAU09412_df51e868
gln_synthetic	/beevol/home/whitel/data/AAtRNAseq/synthetic_tRNA/RNA004/raw/gln_synthetic/20240208_1313_P2S-01618-B_PAU73551_04300e47
glu_synthetic	/beevol/home/whitel/data/AAtRNAseq/synthetic_tRNA/RNA004/raw/glu_synthetic/20240208_1650_P2S-01618-B_PAU09412_ac2bf946
gly_synthetic	/beevol/home/whitel/data/AAtRNAseq/synthetic_tRNA/RNA004/raw/gly_synthetic/20240119_1250_P2S-01617-A_PAS98920_30c0e33e
his_synthetic	/beevol/home/whitel/data/AAtRNAseq/synthetic_tRNA/RNA004/raw/his_synthetic/20240201_1229_P2S-01618-B_PAU71608_dffec1fe
ile_synthetic	/beevol/home/whitel/data/AAtRNAseq/synthetic_tRNA/RNA004/raw/ile_synthetic/20240119_1345_P2S-01617-B_PAU71608_1c26fe2c
leu_synthetic	/beevol/home/whitel/data/AAtRNAseq/synthetic_tRNA/RNA004/raw/leu_synthetic/20240208_2010_P2I-00030-B_PAU71604_1e136988
lys_synthetic	/beevol/home/whitel/data/AAtRNAseq/synthetic_tRNA/RNA004/raw/lys_synthetic/20240119_1250_P2S-01617-B_PAS92267_fa9d9f55
met_synthetic	/beevol/home/whitel/data/AAtRNAseq/synthetic_tRNA/RNA004/raw/met_synthetic/20240207_1318_P2S-01618-B_PAS67224_5d31eecc
phe_synthetic	/beevol/home/whitel/data/AAtRNAseq/synthetic_tRNA/RNA004/raw/phe_synthetic/20240201_1229_P2S-01618-A_PAS67224_75a5f363
pro_synthetic	/beevol/home/whitel/data/AAtRNAseq/synthetic_tRNA/RNA004/raw/pro_synthetic/20240208_1313_P2S-01617-B_PAU70675_ffb5398e
ser_synthetic	/beevol/home/whitel/data/AAtRNAseq/synthetic_tRNA/RNA004/raw/ser_synthetic/20240207_1318_P2S-01617-B_PAU71608_87930687
thr_synthetic	/beevol/home/whitel/data/AAtRNAseq/synthetic_tRNA/RNA004/raw/thr_synthetic/20240207_1318_P2S-01617-A_PAU05281_73385aa6
trp_synthetic	/beevol/home/whitel/data/AAtRNAseq/synthetic_tRNA/RNA004/raw/trp_synthetic/20240207_2013_P2I-00030-A_PAS66377_951cb040
tyr_synthetic	/beevol/home/whitel/data/AAtRNAseq/synthetic_tRNA/RNA004/raw/tyr_synthetic/20240201_1229_P2S-01617-B_PAU71434_cddc463d
uncharged_synthetic	/beevol/home/whitel/data/AAtRNAseq/synthetic_tRNA/RNA004/raw/uncharged_synthetic/20240201_1229_P2S-01617-A_PAS98920_2488b946
val_synthetic	/beevol/home/whitel/data/AAtRNAseq/synthetic_tRNA/RNA004/raw/val_synthetic/20240208_1313_P2S-01618-A_PAS25822_96f9890f
